feature,mean_abs_shap
mfcc_0_skew,2.178738673371887
mfcc_7_kurt,2.1143656358868625
mfcc_2_std,1.7841885491302303
energy_kurt,1.6947190611976817
mfcc_2_skew,1.678395431553036
shimmer_local,1.3128907644744208
mfcc_10_std,1.2475663002778055
mfcc_12_std,1.1375753413534242
mfcc_4_std,1.0801028354486653
centroid_kurt,0.9747683982544517
mfcc_11_kurt,0.8874244799468968
mfcc_10_skew,0.8700522827570286
mfcc_11_skew,0.8524926766738311
mfcc_3_p25,0.8006377674441103
mfcc_5_mean,0.7941226737645186
mfcc_8_kurt,0.7747839499688517
mfcc_2_mean,0.6849587755248123
mfcc_2_kurt,0.6792004466064032
mfcc_4_kurt,0.6768604264360927
mfcc_6_kurt,0.666280153463104
mfcc_2_p25,0.5439514632085751
energy_p25,0.5361752158790398
mfcc_11_std,0.5342207152700791
mfcc_9_kurt,0.5121983702530847
mfcc_10_kurt,0.5082429160117039
mfcc_4_p75,0.49886292132657933
rolloff_mean,0.4941166338820573
energy_p75,0.48022787279211876
mfcc_3_kurt,0.43738198749420754
mfcc_6_std,0.42978509438935664
mfcc_5_skew,0.4215758179335667
mfcc_8_p25,0.41614973695766444
mfcc_4_skew,0.4081743605881028
mfcc_3_skew,0.39971649734724934
mfcc_5_kurt,0.39200312871385024
mfcc_5_p25,0.38733274793229244
rolloff_std,0.3852532366881214
mfcc_9_std,0.3656547112342508
energy_std,0.35544473679111305
zcr_mean,0.33168601127682174
mfcc_12_skew,0.32558099007725433
mfcc_3_std,0.324687030332771
rolloff_skew,0.3180054068746467
mfcc_3_p75,0.31618839678251864
mfcc_7_skew,0.2930571110542017
mfcc_5_std,0.282648023089106
zcr_skew,0.2811531417087947
mfcc_9_skew,0.2703726202328378
mfcc_12_kurt,0.253367257241676
mfcc_1_p75,0.2510698235766585
mfcc_6_p75,0.24346564980091767
centroid_skew,0.2407884508589195
energy_skew,0.23523514420814787
mfcc_1_kurt,0.23098029660866856
mfcc_9_p75,0.23091213238941344
rolloff_p25,0.22690354006773492
hnr_mean,0.22569545631613772
mfcc_12_p25,0.21970216667540507
mfcc_5_p75,0.21770603907773314
mfcc_1_mean,0.21540494616870154
mfcc_0_kurt,0.21302254921428293
mfcc_1_skew,0.2039636446325928
mfcc_8_skew,0.2036602684785495
pitch_std,0.2017452717143496
mfcc_11_p25,0.18974215454913276
mfcc_7_p25,0.18578177810427376
mfcc_11_mean,0.18573671819234686
mfcc_0_std,0.18207024332475413
mfcc_7_mean,0.16721919833882046
zcr_std,0.16257336463343616
mfcc_10_p75,0.16241313678403874
mfcc_0_mean,0.15908572052933279
energy_mean,0.15470428470478637
mfcc_9_p25,0.15349620319176713
mfcc_1_p25,0.14508610733801075
mfcc_2_p75,0.14001596783992795
pitch_skew,0.13568070079332328
mfcc_9_mean,0.13403920161472946
mfcc_8_std,0.13390968948750415
mfcc_6_mean,0.12865754830895745
mfcc_10_p25,0.12824078098198002
mfcc_0_p75,0.12506199122712439
mfcc_12_p75,0.12484201200914607
pitch_p75,0.11955442146643377
mfcc_11_p75,0.11771606475800238
pitch_p25,0.11502672678129819
mfcc_7_p75,0.11400027922770507
centroid_std,0.11367459153741105
zcr_kurt,0.11168957006146632
mfcc_8_p75,0.11055100843452918
rolloff_kurt,0.11038912547916345
mfcc_8_mean,0.10764999968086035
pitch_mean,0.09935400755990878
centroid_p75,0.09451302269633964
centroid_mean,0.0932715688382116
mfcc_6_skew,0.0908252872540463
mfcc_3_mean,0.08612615375141193
mfcc_4_p25,0.08596614535785839
mfcc_0_p25,0.0837591186970716
mfcc_7_std,0.08107503261818069
rolloff_p75,0.07464861028470093
zcr_p75,0.07447888939820717
mfcc_6_p25,0.07307071585657932
mfcc_4_mean,0.07022322937364163
mfcc_1_std,0.06618435533132307
mfcc_10_mean,0.06242446534200638
mfcc_12_mean,0.059319281572037405
pitch_kurt,0.051295055743959844
centroid_p25,0.04893018762607026
zcr_p25,0.04664422419995122
jitter_local,0.0
