feature,importance
mfcc_2_std,137001.01408549584
mfcc_2_skew,105130.05314294249
energy_kurt,94383.38146762922
mfcc_7_kurt,86837.56593754143
energy_skew,64085.27234886959
mfcc_10_std,63340.67637667805
mfcc_4_kurt,52117.37136613764
mfcc_10_skew,51007.17889575288
mfcc_11_kurt,49222.82029039413
mfcc_3_p25,45102.06177563965
mfcc_11_std,44154.31381307915
energy_std,43009.774509375915
mfcc_12_std,40474.24946244806
shimmer_local,39665.01931064576
mfcc_7_skew,38910.79814123362
centroid_kurt,38807.49926722795
mfcc_6_kurt,37666.56451840699
mfcc_4_std,32929.109809134156
mfcc_4_p75,32603.63929091394
mfcc_0_kurt,28544.257139839232
mfcc_3_skew,27620.022230781615
mfcc_2_kurt,26287.950237229466
mfcc_2_p25,25607.438579536974
mfcc_11_skew,25468.660958060995
mfcc_9_kurt,23272.124197697267
mfcc_10_p25,21790.596991267055
mfcc_0_skew,21752.761104747653
mfcc_5_skew,21729.324982197955
centroid_p25,20760.46880136989
mfcc_5_kurt,20521.108650259674
mfcc_0_std,19982.5686306078
mfcc_12_p75,19193.231122471392
mfcc_11_p25,18640.455193344504
mfcc_4_skew,18069.31546226144
mfcc_3_p75,16369.68475883454
mfcc_8_kurt,14541.731110535562
mfcc_0_mean,14016.431776680052
mfcc_5_mean,14012.176071178168
energy_p75,13954.652729518712
energy_p25,13868.3414821513
pitch_mean,13791.002735298127
mfcc_4_p25,13258.414350762963
mfcc_7_std,13191.595619633794
centroid_skew,12674.380429543555
rolloff_std,12144.789082415402
mfcc_6_skew,12142.584216110408
mfcc_1_std,11797.429625958204
zcr_kurt,11766.451058562845
mfcc_1_skew,11654.182703675702
rolloff_p25,11044.794021276757
mfcc_3_std,11023.894740249962
rolloff_skew,10703.079345285892
mfcc_5_std,10466.565052103251
mfcc_0_p25,10379.838091045618
mfcc_10_p75,10039.543970316648
rolloff_p75,9997.677746094763
mfcc_2_mean,9713.457711659372
mfcc_12_kurt,9712.928385421634
hnr_mean,9626.615862853825
zcr_p25,9529.98208931461
mfcc_6_p25,9470.916454147547
zcr_std,9383.460041221231
mfcc_5_p75,9262.407381948084
mfcc_12_p25,9007.700763970613
mfcc_2_p75,8919.766476355493
mfcc_11_mean,8601.381688915193
mfcc_3_kurt,8585.363984107971
mfcc_8_p25,8447.828908465803
mfcc_8_skew,8318.482313357294
mfcc_10_kurt,8213.692122027278
mfcc_0_p75,7986.992862485349
mfcc_6_p75,7791.351590253413
pitch_p75,7567.020624861121
rolloff_mean,7495.576295111328
mfcc_9_std,7373.170595813543
mfcc_6_std,7188.65707407333
mfcc_1_kurt,7021.298723619431
pitch_std,6532.63977368921
mfcc_12_mean,6431.281350590289
mfcc_8_std,5751.52992746979
centroid_std,5735.939054921269
mfcc_1_p75,5704.366330433637
mfcc_7_p25,5545.845128618181
mfcc_7_mean,5311.752056296915
mfcc_7_p75,5045.0373567044735
mfcc_12_skew,4634.494751449674
mfcc_1_p25,4447.3051788806915
zcr_p75,4409.273086395115
mfcc_8_mean,4322.951855670661
mfcc_11_p75,4187.000222776085
mfcc_8_p75,4057.446458276361
pitch_kurt,3885.434706315398
mfcc_5_p25,3845.828592631966
mfcc_9_mean,3841.1269418261945
centroid_p75,3568.8309758640826
mfcc_6_mean,3548.474810536951
zcr_mean,3512.672911918722
mfcc_3_mean,3444.123264953494
rolloff_kurt,3391.9767375327647
mfcc_9_p75,3080.263754438609
mfcc_10_mean,3031.5210661552846
mfcc_4_mean,3000.400318160653
mfcc_1_mean,2928.034946348518
mfcc_9_skew,2515.801808513701
zcr_skew,2512.917472977191
energy_mean,2048.8129390515387
pitch_skew,1830.8082803711295
mfcc_9_p25,1093.3708993159235
centroid_mean,874.0262463800609
pitch_p25,780.5533137135208
jitter_local,0.0
